,m_S,kappa,lambda_S,C,alpha_s,Delta,gamma,Psi
m_S,1.0,-0.0041886097768363785,-0.0016728574600028373,-0.0006847060914982191,0.0015186467877524438,0.9997979273486876,0.0037362499543588286,0.0036630346906917953
kappa,-0.0041886097768363785,1.0,0.7982875564223032,-0.0004000452000270833,0.004945671800146207,0.0065297245699572825,-0.0014471070765448035,-0.0014426636890621375
lambda_S,-0.0016728574600028373,0.7982875564223032,1.0,-0.00291568944510468,0.004331267208847546,0.006840907531293223,-0.0004436126408513041,-0.0005194959315908386
C,-0.0006847060914982191,-0.0004000452000270833,-0.00291568944510468,1.0,-0.004270042629461315,0.016308005524354154,-0.001557740932647213,-0.0017975442650354887
alpha_s,0.0015186467877524438,0.004945671800146207,0.004331267208847546,-0.004270042629461315,1.0,0.001500272377493517,-0.14555557993072182,-0.14518875234099576
Delta,0.9997979273486876,0.0065297245699572825,0.006840907531293223,0.016308005524354154,0.001500272377493517,1.0,0.0036933932145584492,0.003616157384643136
gamma,0.0037362499543588286,-0.0014471070765448035,-0.0004436126408513041,-0.001557740932647213,-0.14555557993072182,0.0036933932145584492,1.0,0.9990681880548642
Psi,0.0036630346906917953,-0.0014426636890621375,-0.0005194959315908386,-0.0017975442650354887,-0.14518875234099576,0.003616157384643136,0.9990681880548642,1.0
