,mean,std,2.5%,97.5%
Delta,1.7105381874783074,0.01498075273823674,1.6811752289115065,1.7400064525701378
gamma,16.34314813739682,0.9976264653108885,14.389928554081171,18.306795049263744
Psi,268.0937396526002,32.646558565012064,207.07004379221013,335.1387449779689
