,m_geo,kappa,lambda_S,C,alpha_s,Delta,gamma,Psi
m_geo,1.0,-0.0041886097768363785,-0.0016728574600028373,-0.0006847060914982191,0.0015186467877524438,0.9997954616959462,0.0037362499543588286,0.0036630346906917953
kappa,-0.0041886097768363785,1.0,0.7982875564223032,-0.0004000452000270833,0.004945671800146208,0.006526273628886523,-0.0014471070765448035,-0.001442663689062138
lambda_S,-0.0016728574600028373,0.7982875564223032,1.0,-0.00291568944510468,0.0043312672088475475,0.006839764290620256,-0.00044361264085130466,-0.0005194959315908395
C,-0.0006847060914982191,-0.0004000452000270833,-0.00291568944510468,1.0,-0.004270042629461315,0.01630424423086654,-0.001557740932647213,-0.00179754426503549
alpha_s,0.0015186467877524438,0.004945671800146208,0.0043312672088475475,-0.004270042629461315,1.0,0.0011704401555086856,-0.14555557993072182,-0.14518875234099576
Delta,0.9997954616959462,0.006526273628886523,0.006839764290620256,0.01630424423086654,0.0011704401555086856,1.0,0.005959053215346417,0.005879701667827882
gamma,0.0037362499543588286,-0.0014471070765448035,-0.00044361264085130466,-0.001557740932647213,-0.14555557993072182,0.005959053215346417,1.0,0.9990681880548642
Psi,0.0036630346906917953,-0.001442663689062138,-0.0005194959315908395,-0.00179754426503549,-0.14518875234099576,0.005879701667827882,0.9990681880548642,1.0
