Parameter,Value,Uncertainty,Digits
Delta_star,1.710035046742213182020771096611622363294044242291,0.08,200
kappa,0.5,0.008,15
lambda_S,0.417,0.007,15
Lipschitz_L,0.000037491259958565040396573550464637581730890411,0,200
