,mean,std,2.5%,97.5%
Delta,1.710055033258424,0.01493964556021505,1.6805780626493965,1.739444345715467
gamma,6.838616252609914,1.260391588209122,5.003884092099668,9.829757789870582
Psi,241.77580747739066,99.27244865039472,125.18326149637427,483.0637664292238
