,m_S,kappa,lambda_S,C,alpha_s,Delta,gamma,Psi
m_S,1.0,0.0031877363400320885,0.0008813954741766772,-0.0034437108870057015,0.001143667822745971,0.9997967268706637,-0.0011436678227672958,-0.0010905546361998056
kappa,0.0031877363400320885,1.0,-0.0007553259938293447,0.004023123030892734,-0.0019097999579076928,0.014033841786079764,0.0019097999579147855,0.002406413151723311
lambda_S,0.0008813954741766772,-0.0007553259938293447,1.0,-0.004530107091235771,-0.002819013022042964,0.0007993342317719865,0.0028190130220363398,0.0032599557083921003
C,-0.0034437108870057015,0.004023123030892734,-0.004530107091235771,1.0,2.594367117801774e-05,0.013586095865930207,-2.594367117126742e-05,-0.00032499752838957856
alpha_s,0.001143667822745971,-0.0019097999579076928,-0.002819013022042964,2.594367117801774e-05,1.0,0.0011240915558565602,-1.000000000000013,-0.9804481976785426
Delta,0.9997967268706637,0.014033841786079764,0.0007993342317719865,0.013586095865930207,0.0011240915558565602,1.0,-0.0011240915558776378,-0.0010704612551481003
gamma,-0.0011436678227672958,0.0019097999579147855,0.0028190130220363398,-2.594367117126742e-05,-1.000000000000013,-0.0011240915558776378,1.0,0.980448197678561
Psi,-0.0010905546361998056,0.002406413151723311,0.0032599557083921003,-0.00032499752838957856,-0.9804481976785426,-0.0010704612551481003,0.980448197678561,1.0
