{"iteration": 50000, "states": [["1.7185000626319396682591087416698344332964921773615682540970116410637942651713955", "16.338906107390320219912311783321451012988353956071000398258651414847747771847039", "0.50432256703954616883497803766138157190418280301838950046066117863103724494402821", "0.42390208604226256627551157692257641737158011232847401814762055726593345746771271", "0.047707215039367566534540851605090422235882124467055631444736518282210821963627764"], ["1.73127532131152786637077927931122088095842002803452932657797852692537908856774", "16.339751708081264488285420434248726888107591139160431531062835451126606928781419", "0.49290797702703445792816828655124997190287070480413373565650141067280276197733245", "0.40493045636147254822343490799089293678077489779656915618686616816785039456740241", "0.047502970561910724022008118366869640460194364268275435536560182051156265498544506"], ["1.7105667986160307192598577121919701559404882560927963316339475743606073503635481", "16.341103805095216851133205734656027168133618097477204633087848534993636690628503", "0.50421478064527983415409824114658462827619769760960672641405147606527123700380175", "0.42372090836861276608212720980360793858766011299995470598611611043998128062643268", "0.047763975336831828005982879105631984894001064072964051013697657871839873590901729"], ["1.7011016570146204998495262561127953520568885910907627490655678559846471387600044", "16.337996357796734842524656928768929137105663708686641157098839866458312266338363", "0.49964541780198922098823501714807887213926340051241985244750636572824534940738229", "0.41607590588420727857255064175870683295496855848715162681188485217073859447150631", "0.04774241226017140283517477016698090792980341201700692973834503061212943245653862"]], "energies": ["0.62708399808224656644385242471551731068031623093260702033628547194136301442102257", "7.2447425366909979327685809603167557357334148773330918189572056074253485388722932", "5.1142764493872838350205726497866804100029807440368493466293133613045496573559928", "1.541055530201063810272447770326061947721138044683283297948120094311947626513793"], "step_sizes": ["0.12187491894654902478140881753248306326925487161041215567172486491764196245654934", "0.023111095740975222477067153546900491997725368246122601371823381791789883251019727", "0.064999956771492813216751369350657633743602598192219816358253261289409046643492982", "0.014791101274224142385322978270016314878544235677518464877966964346745525280652626"], "acceptance_counts": [11424, 11247, 11279, 11141], "swap_attempts": 5000, "swap_successes": 3738}