{
  "delta": {
    "mean": 1.710195512045078,
    "std": 0.007907369096946252,
    "min": 1.698213035071196,
    "max": 1.734501021617123
  },
  "gamma": {
    "mean": 16.339201114076292,
    "std": 0.0005458233092662588,
    "min": 16.338168943929837,
    "max": 16.34081010112934
  },
  "kappa": {
    "mean": 0.5018092693797567,
    "std": 0.003147735753860164
  },
  "sample_size": 700
}