{
  "delta": {
    "mean": 1.7112708008786366,
    "std": 0.008290347914516515,
    "min": 1.698213035071196,
    "max": 1.734575858954604
  },
  "gamma": {
    "mean": 16.339036797665223,
    "std": 0.0006285421311914223,
    "min": 16.337614884975665,
    "max": 16.34081010112934
  },
  "kappa": {
    "mean": 0.5004686455865961,
    "std": 0.006455664060896728
  },
  "sample_size": 1000
}