{
  "delta": {
    "mean": 1.708978478989241,
    "std": 0.006082602020321836,
    "min": 1.698213035071196,
    "max": 1.7169859028722567
  },
  "gamma": {
    "mean": 16.33900303239524,
    "std": 0.00044260286434589943,
    "min": 16.338168943929837,
    "max": 16.339769438815207
  },
  "kappa": {
    "mean": 0.5019164010905367,
    "std": 0.0025314242137045775
  },
  "sample_size": 400
}