{"iteration": 20000, "states": [["1.7172030187187274475270458747278377139109415292971232990764115055886441023508611", "16.338854666781107125548931057109664221847367747071147660534425818622510500159164", "0.49712314974039670388426585561906758049298011119522212998211431365803533928251988", "0.41188571001302147239420137753290949675091985836596468014580183269268499016584711", "0.047460157328019003499141179133932836957926334549840846626372887152543168837926461"], ["1.7254113354047662531480154066218364596403047407177882672672111139345442754357721", "16.338361378086425642526258086502650060316319982407790353505530819893445341943663", "0.48653815065112398355610211015285500667244354786193378400865620757080772829753375", "0.39453228673169302863999187621949952578901602993487926555625632365939489739816372", "0.047623069284507518916148214099337224015750190469452709734688151591597477551050333"], ["1.7147004221467383762104022936554878034522720162788056380836054094450847197804471", "16.338285665689003639904945698226825995955648764583759738476302525776226914353621", "0.51951959355489987028941686500694834314284989012181098803479738742972448173385416", "0.44983434681241393140822524979783858737213987119361946858081670693632934479155622", "0.047621213890085894011372104166293486968938899877039587966618094697077583859713916"], ["1.7046736977663503692220931403524453690487725609712287967301636322271630046690372", "16.337813188299658919366168510519669906777937751973166412851856027407676583868041", "0.51219067453564534988483410735207772111076778078017327913098014584235516941658404", "0.43723214513546563641978991416490739469093671287185724594819627267491547990410638", "0.047751365999494733090512393263283249885530066266831419136188087161411680946138274"]], "energies": ["6.1334823916892380602836923450220821169197251484398567062038687508876361418050333", "4.8868523394066783887308891747454984598560043212969698761509080943251512796778177", "7.1825461053989754229537039420239093492434027953474874028857653760353844526101918", "4.1205262746038886743573977377706909189604556912669039360658523647731380586446124"], "step_sizes": ["0.00000023611191861078154626719732388381444562400313541540733536261899464736768", "0.00000053125181687425847910119397873858250265400705468466650456589273795657728", "0.00000079687772531138771865179096810787375398101058202699975684883910693486592", "0.000001434379905560497893573223742594172757165819047648599562327910392482758656"], "acceptance_counts": [7959, 8104, 8152, 8269], "swap_attempts": 2000, "swap_successes": 1542}