{
  "delta": {
    "mean": 1.7109228184868208,
    "std": 0.008081700466718187,
    "min": 1.698213035071196,
    "max": 1.734575858954604
  },
  "gamma": {
    "mean": 16.33913024212978,
    "std": 0.000577891644598439,
    "min": 16.337614884975665,
    "max": 16.34081010112934
  },
  "kappa": {
    "mean": 0.500493542365737,
    "std": 0.005595438280429432
  },
  "sample_size": 900
}