{"iteration": 6000, "states": [["1.71", "16.339", "0.5", "0.41666666666666666666666666666666666666666666666666666666666666666666666666666667", "0.0477"], ["1.6982130350711960500691263843921653840199807223310965250691274453902151955121506", "16.339190229895523139545035947779110200360867334889787907882390040583611186125364", "0.5051830124642514073822786462960627254281881079965990559791627026079389327893713", "0.42534979347075998804794415529113611784937332882523106435194391715653967642863611", "0.047711719154019708792506408137639853260071652779435326007316478940555367800292889"], ["1.714767514575516573170604825149274829559790131141346920897353902213718264624739", "16.339769438815208427325432201553615704788937907736368329669966929633881062453538", "0.50386100275377312053075658949050448217843875784163707469909889946747819594622903", "0.42312651682672960691793581872041836145862449290381579825329610554129045768591479", "0.047764263709569263374881082666509735610723914186238063077293055889277528161146554"], ["1.707004082159571373897871408583669260987006739181618080275945288977008283534458", "16.339654441916473991605972387417075828696421400146503814912207025390324828192624", "0.51402747962004323498163380543728715877898347299408719639659668379871720100113535", "0.44037374967422327213613547644449996211699456970150832481062898642784069706439052", "0.047728405806001909384887941408124489071395438732522988027667684415079318721327835"]], "energies": ["0.0", "1.0871432701705103273166247087654494853279899108820936326320390112598194237805661", "1.3389643954513925571135803936901456115797786883672686798918815917473272333439141", "3.6234085526413630296904465463422210300739429831825958887234974377375743488133993"], "step_sizes": ["0.01", "0.01", "0.01", "0.01"], "acceptance_counts": [1, 2, 3, 9], "swap_attempts": 600, "swap_successes": 489}