{
  "delta": {
    "mean": 1.709821500094525,
    "std": 0.0070783427323769035,
    "min": 1.698213035071196,
    "max": 1.734501021617123
  },
  "gamma": {
    "mean": 16.33914877427218,
    "std": 0.0005386943807020278,
    "min": 16.338168943929837,
    "max": 16.34081010112934
  },
  "kappa": {
    "mean": 0.501961967051437,
    "std": 0.0031882419658811672
  },
  "sample_size": 600
}