{
  "metadata": {
    "tag": "[SYNTHETIC-ALGORITHMIC-TEST-ONLY - CATEGORY E]",
    "burn_in_discarded": 10000,
    "provenance": "UIDT-v3.9-MCMC-Sampler-Draft"
  },
  "delta": {
    "mean": 1.7118920170309992,
    "std": 0.008445276591248567,
    "tau_int": 3.246961517578083,
    "min": 1.693727245096928,
    "max": 1.734575858954604,
    "ess": 231.29316314169714
  },
  "gamma": {
    "mean": 16.338947071768235,
    "std": 0.0006622248007487115,
    "tau_int": 22.208189742053904,
    "min": 16.337379942653843,
    "max": 16.341103805095216,
    "ess": 33.81635372908807
  },
  "kappa": {
    "mean": 0.5005539960556327,
    "std": 0.006412186586130964,
    "tau_int": 8.35427930650517,
    "ess": 89.89404979735642
  },
  "sample_size": 1502
}