{"iteration": 15000, "states": [["1.7046862281971908433679322364977824873978006436697888974306410725819697029760219", "16.337805249798974852345122582782179368318198379550825549333949118964427473231567", "0.51217702473180279687462014392244440673128888410095950282844753468157935977848795", "0.43720884110520288975295704400469179395974843473695821207439279815862434569262613", "0.047754722385597322909040843714115021193236660624306969953503010939858176432314616"], ["1.7254190962325533718970160636874573384519058960889920896488559114499239397322452", "16.338362630372754670176399256893715156837442374931662387216129475846050636985742", "0.48654796244263629760548417647566029599970073652830489054646162741655555680598338", "0.39454819959513503535045750688808746024519158000060472475832246289299920004583447", "0.047624841299227745452838830779036770754244616068414282287744535449104550420938693"], ["1.7172005898173324562985073434757490310038054761164902747963381205801309858305522", "16.338853820015467195861331187130991948172229091183238318858710662773437132429045", "0.49713635048410025545879920926401202822199230801536779717968736688262673802096433", "0.41190758495441694716677180981344817623377729376936904588438363030365002244865928", "0.047461632334989007768360424247078460191554777623776851708017552536534587288751991"], ["1.7146892540307072920684701143818356576208816394731346264511254444859521248016922", "16.338264116473699425060106806947914202927134284389354115273223612829715391630856", "0.51954392432672589378219705049205596293302480859240878451067938550669333084742786", "0.44987648217469113660461587262585546813240481679984126352479503059707472491626293", "0.047612498366309844895428517940248372283981944001156648000826297027320722294373976"]], "energies": ["4.1692500105756955961418361670821229214118792978759094496046428806123829888523371", "4.8552412373498381338948788570919159049890444994197951688311316214260528171810116", "6.0618533436050904925190070132783788334168636729619066052404385820227772924256178", "7.3731102850491800186405097590348452280369638156065139686942551062032604267212133"], "step_sizes": ["0.0000001427247692705959881058285969449495136382746624", "0.0000001427247692705959881058285969449495136382746624", "0.0000001427247692705959881058285969449495136382746624", "0.0000001427247692705959881058285969449495136382746624"], "acceptance_counts": [2963, 3107, 3155, 3273], "swap_attempts": 1500, "swap_successes": 1150}