{
  "metadata": {
    "tag": "[SYNTHETIC-ALGORITHMIC-TEST-ONLY - CATEGORY E]",
    "burn_in_discarded": 10000,
    "provenance": "UIDT-v3.9-MCMC-Sampler-Draft"
  },
  "delta": {
    "mean": 1.7118479664551285,
    "std": 0.00845187953261899,
    "tau_int": 3.337294811057814,
    "min": 1.693727245096928,
    "max": 1.734575858954604,
    "ess": 210.0503670449797
  },
  "gamma": {
    "mean": 16.338957257399173,
    "std": 0.000651138699662359,
    "tau_int": 24.132268975655062,
    "min": 16.337379942653843,
    "max": 16.341103805095216,
    "ess": 29.048242446956714
  },
  "kappa": {
    "mean": 0.5005332892455289,
    "std": 0.0064607651295134185,
    "tau_int": 8.734369160382101,
    "ess": 80.25765652082119
  },
  "sample_size": 1402
}