{
  "delta": {
    "mean": 1.7067964152378794,
    "std": 0.004968054315897246,
    "min": 1.698213035071196,
    "max": 1.71276197772024
  },
  "gamma": {
    "mean": 16.33885321849509,
    "std": 0.0003658297879559759,
    "min": 16.338168943929837,
    "max": 16.33964456198323
  },
  "kappa": {
    "mean": 0.5018359346872387,
    "std": 0.0028510865627729867
  },
  "sample_size": 200
}