{
  "delta": {
    "mean": 1.7083007365381873,
    "std": 0.005461433117832149,
    "min": 1.698213035071196,
    "max": 1.7169859028722567
  },
  "gamma": {
    "mean": 16.339008755976867,
    "std": 0.00044255267075406625,
    "min": 16.338168943929837,
    "max": 16.339769438815207
  },
  "kappa": {
    "mean": 0.5017478491256414,
    "std": 0.002692219965158113
  },
  "sample_size": 300
}