{
  "delta": {
    "mean": 1.7104306552696775,
    "std": 0.0080728243918108,
    "min": 1.698213035071196,
    "max": 1.734501021617123
  },
  "gamma": {
    "mean": 16.339185401482588,
    "std": 0.0005495427550080621,
    "min": 16.338168943929837,
    "max": 16.34081010112934
  },
  "kappa": {
    "mean": 0.5006497989495152,
    "std": 0.005048298235846575
  },
  "sample_size": 800
}