{
  "delta": {
    "mean": 1.7092841448909994,
    "std": 0.00593287919736456,
    "min": 1.698213035071196,
    "max": 1.7169859028722567
  },
  "gamma": {
    "mean": 16.339097449352668,
    "std": 0.000489155791615528,
    "min": 16.338168943929837,
    "max": 16.340137192879265
  },
  "kappa": {
    "mean": 0.5018413910459565,
    "std": 0.002847797316146822
  },
  "sample_size": 500
}