{
  "metadata": {
    "tag": "[SYNTHETIC-ALGORITHMIC-TEST-ONLY - CATEGORY E]",
    "burn_in_discarded": 10000,
    "provenance": "UIDT-v3.9-MCMC-Sampler-Draft"
  },
  "delta": {
    "mean": 1.711846649543679,
    "std": 0.008442251189151866,
    "tau_int": 3.5909530527673454,
    "min": 1.693727245096928,
    "max": 1.734575858954604,
    "ess": 181.28891980314555
  },
  "gamma": {
    "mean": 16.338980279340205,
    "std": 0.0006461466166853778,
    "tau_int": 27.42062317455509,
    "min": 16.337379942653843,
    "max": 16.341103805095216,
    "ess": 23.741254743039324
  },
  "kappa": {
    "mean": 0.5004826250792668,
    "std": 0.0065596704378356645,
    "tau_int": 9.095918610855234,
    "ess": 71.57056124304859
  },
  "sample_size": 1302
}