{"iteration": 10000, "states": [["1.7033473033893249577215376741506670476142035206501500605059104431018269350356088", "16.33836920982747013439686347555181347516885895411705602257836308836144702330473", "0.48401612824000161218907833950815841218196352738871134317265309185072179764570354", "0.39045268732740281024771896234695545789686211091506302761319724473940790705498634", "0.047617954313903932591941070286517709632951470094637337733051492258641556723964628"], ["1.7130538529865099575438692328380360945286761271961797136400293167770801121633339", "16.338491165786800751104474921689048704239718854204606828010427442909087599704122", "0.48573129831931532715228164690372114722547400702484245686555617846451244696100938", "0.39322482361161283459984515696435494086877897910803340778270983728739249652520078", "0.047704518094875749987363086845644063590755705064842024242281523649683656813951611"], ["1.7040204140464480173153991048152741679576652732958952716840128350665400596008964", "16.339656134131904615354860574704137710939601567332830694512320147121065725010621", "0.50017587815877461279562131015983642137803146438711208124807394570154082926102299", "0.41695984848650224457254870732968746511733725996480760393264499939076068256149784", "0.047826274935012741181810261867282209629256281105649562244722929406106339226652184"], ["1.7189482002921177022732016104575514743370741457986776396670214849991007907124066", "16.338546640234991714106712073675174359301442100172304126750475176255825241443777", "0.48451165884096534638081115424127719459984612601960203486142283228931636279267705", "0.39125257925470665549707489544344595917614568032830052088091106176677735548569562", "0.047669505795456083621821236084494435701806653725177363848067041548755937790037199"]], "energies": ["5.2596895232502436459660730667145191620507796264868845575480267001460337846856034", "3.4835876633909120693752620709130843962321134913779089968465250742168561122992457", "2.1844443534067138829291763103665187777118638357508182535409291140228756641920409", "4.4026537991423710188683083158274538559582697069677904717086344636990263857348703"], "step_sizes": ["0.01", "0.01", "0.01", "0.01"], "acceptance_counts": [2, 7, 11, 25], "swap_attempts": 1000, "swap_successes": 799}