{
  "delta": {
    "mean": 1.7117833924963515,
    "std": 0.00843215057686428,
    "tau_int": 3.7275001387303415,
    "min": 1.693727245096928,
    "max": 1.734575858954604,
    "ess": 161.23406509240593
  },
  "gamma": {
    "mean": 16.339007776928206,
    "std": 0.0006467300200480618,
    "tau_int": 28.275576459820336,
    "min": 16.337379942653843,
    "max": 16.341103805095216,
    "ess": 21.25509274246
  },
  "kappa": {
    "mean": 0.5004437456804354,
    "std": 0.006642176711054836,
    "tau_int": 9.705305828262281,
    "ess": 61.924890429507265
  },
  "sample_size": 1202
}