{
  "metadata": {
    "tag": "[SYNTHETIC-ALGORITHMIC-TEST-ONLY - CATEGORY E]",
    "burn_in_discarded": 10000,
    "provenance": "UIDT-v3.9-MCMC-Sampler-Draft"
  },
  "delta": {
    "mean": 1.7119368191468103,
    "std": 0.008442339219949605,
    "tau_int": 3.066462191757769,
    "min": 1.693727245096928,
    "max": 1.734575858954604,
    "ess": 261.2130689734178
  },
  "gamma": {
    "mean": 16.338929618517895,
    "std": 0.0006607001232835786,
    "tau_int": 20.550918233315176,
    "min": 16.337379942653843,
    "max": 16.341103805095216,
    "ess": 38.9763606134881
  },
  "kappa": {
    "mean": 0.5006176558676864,
    "std": 0.006324045059239926,
    "tau_int": 8.131522781269641,
    "ess": 98.50553476220271
  },
  "sample_size": 1602
}