{"iteration": 4000, "states": [["1.7127619777202399560869956283107673049561438604121901889325969020074314695232281", "16.33964456198323370992694718516996040493376991841310745185719480672418678548171", "0.49855526257393877722677326555976381855698204025365977317780273563939716420154557", "0.41426224973361506538985479609341820812058922141907217696457482513404235629437008", "0.047721132793070523779707563048029443273488361837302422208876498038746910344239159"], ["1.71", "16.339", "0.5", "0.41666666666666666666666666666666666666666666666666666666666666666666666666666667", "0.0477"], ["1.6982130350711960500691263843921653840199807223310965250691274453902151955121506", "16.339190229895523139545035947779110200360867334889787907882390040583611186125364", "0.5051830124642514073822786462960627254281881079965990559791627026079389327893713", "0.42534979347075998804794415529113611784937332882523106435194391715653967642863611", "0.047711719154019708792506408137639853260071652779435326007316478940555367800292889"], ["1.7066276352701584449899351878013488449274121301335043360233320841645181271600542", "16.34112098334469882937716771498304235483627393994803889055603904424460407742608", "0.49798640309531944684862885904892966760298002241721709398879101690582148062218637", "0.41331742944635664325547089824511592411278395486211192693943644232656713216579744", "0.047901145853811480737927651787797437841351454477616312799997704858495484754030705"]], "energies": ["0.52663771682796125168755447022243550224932709869513403647231294845778508685388007", "0.0", "1.0871432701705103273166247087654494853279899108820936326320390112598194237805661", "8.6584344670323172593927046416999023812689703331922696259719186609889938384216334"], "step_sizes": ["0.01", "0.01", "0.01", "0.01"], "acceptance_counts": [0, 2, 3, 7], "swap_attempts": 400, "swap_successes": 304}