{
  "delta": {
    "mean": 1.7117454427248033,
    "std": 0.008414316948977606,
    "tau_int": 9.111509798116682,
    "min": 1.693727245096928,
    "max": 1.734575858954604,
    "ess": 60.47296356020929
  },
  "gamma": {
    "mean": 16.33902324794017,
    "std": 0.0006320485854000517,
    "tau_int": 31.38042920381227,
    "min": 16.337379942653843,
    "max": 16.340926074616355,
    "ess": 17.558714586767394
  },
  "kappa": {
    "mean": 0.5003581078810057,
    "std": 0.006765326336758138,
    "tau_int": 10.144531294598982,
    "ess": 54.31497858292932
  },
  "sample_size": 1102
}