{"iteration": 25000, "states": [["1.6943658515064962877033304308416243158386772360309898056280033594605674990268498", "16.339439625790985333300432114959907109777175776792233049960974927287285445562118", "0.49842649135312739499885140964879631379570855310450195019135178966446957597103991", "0.4140482788043152964253264523033016761342929059624754199238452974241811814472493", "0.047619045097512759581150012473298699418148731116085976089853077889697406649650379"], ["1.7215635207079207919538370075037078880972354471797245692746761673058778958014036", "16.339351510977081881732719847654742635578622072359616193303797094575025626426175", "0.48504999493689359137869115299774034257919792523491697153909867282184598014681142", "0.39212249598046749771919132090879329988428252427994287978187623739334501658777493", "0.047640763192658613357683345166214093763178375904313125306349248065981051706000688"], ["1.7262665272531380152796221796784386565082681441643768373292445362397977711114682", "16.339714254758113592972461348631044765063105026366496969494885320651029562599772", "0.50953067056173861128801026224190214874562155904011360995897488565204040723501871", "0.43270250707182500377408188530961083043927675718919704911070273298624617711510386", "0.047631559280702701813566841979361255916332702403172118723351250360262742651076113"], ["1.7105667986160307192598577121919701559404882560927963316339475743606073503635481", "16.341103805095216851133205734656027168133618097477204633087848534993636690628503", "0.50421478064527983415409824114658462827619769760960672641405147606527123700380175", "0.42372090836861276608212720980360793858766011299995470598611611043998128062643268", "0.047763975336831828005982879105631984894001064072964051013697657871839873590901729"]], "energies": ["1.9736672981313615735107667862812387478895667032825248256370795907036163811250506", "4.5609777678295985104217317316543562738705228922533210308054592213537222622441982", "3.5738489314839250253019047611076368796369855798966041681298815641624798331540369", "5.1142764493872838350205726497866804100029807440368493466293133613045496573559928"], "step_sizes": ["0.0021487219117957589720709470633970091030991958285816279187620040935001450566311897", "0.0048346243015404576871596308926432704819731906143086628172145092103753263774201768", "0.0072519364523106865307394463389649057229597859214629942258217638155629895661302652", "0.013053485614159235755331003410136830301327614658633389606479174868013381219034477"], "acceptance_counts": [11420, 11247, 11279, 11140], "swap_attempts": 2500, "swap_successes": 1918}