,mean,std,2.5%,97.5%
Delta,1.7099820686777725,0.014985459220050441,1.6806072105901488,1.7394628098552856
gamma,16.34314813739682,0.9976264653108885,14.389928554081171,18.306795049263744
Psi,268.0937396526002,32.646558565012064,207.07004379221013,335.1387449779689
